<?xml version="1.0" encoding="UTF-8" ?>
<document>
<!--The data in this file is primarily intended for consumption by Xilinx tools.
The structure and the elements are likely to change over the next few releases.
This means code written to parse this file will need to be revisited each subsequent release.-->
<application name="pa" timeStamp="Tue Oct 24 11:03:42 2017">
<section name="Project Information" visible="false">
<property name="ProjectID" value="a1cf43f261d444e7877143533bf0e3ed" type="ProjectID"/>
<property name="ProjectIteration" value="6" type="ProjectIteration"/>
</section>
<section name="PlanAhead Usage" visible="true">
<item name="Project Data">
<property name="SrcSetCount" value="1" type="SrcSetCount"/>
<property name="ConstraintSetCount" value="1" type="ConstraintSetCount"/>
<property name="DesignMode" value="RTL" type="DesignMode"/>
<property name="SynthesisStrategy" value="Vivado Synthesis Defaults" type="SynthesisStrategy"/>
<property name="ImplStrategy" value="Vivado Implementation Defaults" type="ImplStrategy"/>
</item>
<item name="Java Command Handlers">
<property name="AddSources" value="4" type="JavaHandler"/>
<property name="CreateBlockDesign" value="1" type="JavaHandler"/>
<property name="CreateTopHDL" value="5" type="JavaHandler"/>
<property name="CustomizeRSBBlock" value="7" type="JavaHandler"/>
<property name="EditDelete" value="2" type="JavaHandler"/>
<property name="EditProperties" value="1" type="JavaHandler"/>
<property name="NewExportHardware" value="2" type="JavaHandler"/>
<property name="NewLaunchHardware" value="1" type="JavaHandler"/>
<property name="OpenProject" value="1" type="JavaHandler"/>
<property name="ProjectSettingsCmdHandler" value="1" type="JavaHandler"/>
<property name="RecustomizeCore" value="1" type="JavaHandler"/>
<property name="RunBitgen" value="3" type="JavaHandler"/>
<property name="RunImplementation" value="2" type="JavaHandler"/>
<property name="RunSynthesis" value="2" type="JavaHandler"/>
<property name="SaveProjectAs" value="2" type="JavaHandler"/>
<property name="ShowSource" value="1" type="JavaHandler"/>
<property name="ShowView" value="3" type="JavaHandler"/>
<property name="ViewTaskImplementation" value="1" type="JavaHandler"/>
</item>
<item name="Gui Resources Info">
<property name="PAResourceCommand.PACommandNames_SAVE_PROJECT_AS, Save Project As..." value="1" type="GuiResourceData"/>
<property name="PAResourceItoN.MainMenuMgr_FILE, File" value="2" type="GuiResourceData"/>
<property name="PAResourceItoN.MainMenuMgr_OPEN_RECENT_PROJECT, Open Recent Project" value="1" type="GuiResourceData"/>
<property name="PAResourceItoN.MsgTreePanel_MESSAGE_VIEW_TREE, [, Implementation, Design Initialization, [Common 17-55] 'set_property' expects at least one object. [C:/Users/jdcerda/Desktop/ZyBo_VGA/ZyBo_VGA/project_1/project_1.srcs/constrs_1/imports/XDC/ZYBO_Master.xdc:129]. ], 2, true" value="1" type="GuiResourceData"/>
<property name="RDIResource.BaseDialog_OK, OK" value="2" type="GuiResourceData"/>
<property name="ZYBO_Master.xdc, 158, 412" value="1" type="GuiResourceData"/>
<property name="ZYBO_Master.xdc, 227, 365" value="1" type="GuiResourceData"/>
<property name="ZYBO_Master.xdc, 42, 236" value="1" type="GuiResourceData"/>
<property name="ZYBO_Master.xdc, 517, 246" value="1" type="GuiResourceData"/>
<property name="ZYBO_Master.xdc, 549, 532" value="1" type="GuiResourceData"/>
<property name="ZYBO_Master.xdc, 745, 532" value="1" type="GuiResourceData"/>
</item>
<item name="Other">
<property name="GuiMode" value="2" type="GuiMode"/>
<property name="BatchMode" value="0" type="BatchMode"/>
<property name="TclMode" value="0" type="TclMode"/>
</item>
</section>
</application>
</document>
